{
  "thr_val_bestF1": 0.9607251485188802,
  "val_bestF1": {
    "f1": 1.0,
    "threshold": 0.9607251485188802,
    "acc": 1.0,
    "precision": 1.0,
    "recall": 1.0,
    "auc": 1.0,
    "cm": [
      [
        156,
        0
      ],
      [
        0,
        16
      ]
    ],
    "n_nodules": 172
  },
  "test_at_val_thr": {
    "threshold": 0.9607251485188802,
    "acc": 0.9881656804733728,
    "precision": 1.0,
    "recall": 0.875,
    "f1": 0.9333333333333333,
    "auc": 1.0,
    "cm": [
      [
        153,
        0
      ],
      [
        2,
        14
      ]
    ],
    "n_nodules": 169
  }
}