{
  "threshold_val_bestF1": 0.7588541507720947,
  "test": {
    "acc": 0.9543478260869566,
    "precision": 0.8260869565217391,
    "recall": 0.7450980392156863,
    "f1": 0.7835051546391752,
    "auc": 0.9392588331175991,
    "cm": [
      [
        401,
        8
      ],
      [
        13,
        38
      ]
    ]
  }
}