{
  "thr_val_bestF1": 0.584,
  "val_bestF1": {
    "threshold": 0.584,
    "acc": 0.9473684210526315,
    "precision": 0.75,
    "recall": 0.75,
    "f1": 0.75,
    "auc": 0.8161764705882352,
    "cm": [
      [
        33,
        1
      ],
      [
        1,
        3
      ]
    ],
    "n_nodules": 38
  },
  "test_at_val_thr": {
    "threshold": 0.584,
    "acc": 0.9736842105263158,
    "precision": 1.0,
    "recall": 0.75,
    "f1": 0.8571428571428571,
    "auc": 0.9926470588235294,
    "cm": [
      [
        34,
        0
      ],
      [
        1,
        3
      ]
    ],
    "n_nodules": 38
  }
}