{
  "@0.5": {
    "threshold": 0.5,
    "acc": 0.8710217755443886,
    "precision": 0.18048780487804877,
    "recall": 0.20903954802259886,
    "f1": 0.193717277486911,
    "auc": 0.7383728506926078,
    "cm": [
      [
        2043,
        168
      ],
      [
        140,
        37
      ]
    ]
  },
  "best_F1": {
    "threshold": 0.023193359375,
    "acc": 0.7818257956448911,
    "precision": 0.17790262172284643,
    "recall": 0.536723163841808,
    "f1": 0.2672292545710267,
    "auc": 0.7383728506926078,
    "cm": [
      [
        1772,
        439
      ],
      [
        82,
        95
      ]
    ]
  },
  "best_YoudenJ": {
    "threshold": 0.0001499652862548828,
    "acc": 0.5138190954773869,
    "precision": 0.12037037037037036,
    "recall": 0.8813559322033898,
    "f1": 0.21181262729124237,
    "auc": 0.7383728506926078,
    "cm": [
      [
        1071,
        1140
      ],
      [
        21,
        156
      ]
    ]
  }
}