{
  "loss": 9.687235253562115,
  "acc": 0.7786304604486423,
  "precision": 0.28444444444444444,
  "recall": 0.09800918836140889,
  "f1": 0.14578587699316628,
  "auc": 0.6850172596733961
}