{
  "loss": 2.6226666168371837,
  "acc": 0.8580402010050251,
  "precision": 0.1652892561983471,
  "recall": 0.22598870056497175,
  "f1": 0.1909307875894988,
  "auc": 0.7746322317534056
}