{
  "mean": {
    "thr_val_bestF1": 0.04449928551912308,
    "val": {
      "acc": 0.7368421052631579,
      "precision": 0.25,
      "recall": 0.75,
      "f1": 0.375,
      "auc": 0.7279411764705882,
      "cm": [
        [
          25,
          9
        ],
        [
          1,
          3
        ]
      ],
      "thr": 0.04449928551912308
    },
    "test": {
      "acc": 0.7368421052631579,
      "precision": 0.2,
      "recall": 0.5,
      "f1": 0.2857142857142857,
      "auc": 0.7720588235294118,
      "cm": [
        [
          26,
          8
        ],
        [
          2,
          2
        ]
      ],
      "thr": 0.04449928551912308
    }
  },
  "max": {
    "thr_val_bestF1": 0.9601796865463257,
    "val": {
      "acc": 0.8421052631578947,
      "precision": 0.3333333333333333,
      "recall": 0.5,
      "f1": 0.4,
      "auc": 0.7205882352941176,
      "cm": [
        [
          30,
          4
        ],
        [
          2,
          2
        ]
      ],
      "thr": 0.9601796865463257
    },
    "test": {
      "acc": 0.8421052631578947,
      "precision": 0.25,
      "recall": 0.25,
      "f1": 0.25,
      "auc": 0.7720588235294118,
      "cm": [
        [
          31,
          3
        ],
        [
          3,
          1
        ]
      ],
      "thr": 0.9601796865463257
    }
  },
  "topk": {
    "thr_val_bestF1": 0.9409871101379395,
    "val": {
      "acc": 0.8157894736842105,
      "precision": 0.2857142857142857,
      "recall": 0.5,
      "f1": 0.36363636363636365,
      "auc": 0.7205882352941176,
      "cm": [
        [
          29,
          5
        ],
        [
          2,
          2
        ]
      ],
      "thr": 0.9409871101379395
    },
    "test": {
      "acc": 0.8421052631578947,
      "precision": 0.25,
      "recall": 0.25,
      "f1": 0.25,
      "auc": 0.7867647058823529,
      "cm": [
        [
          31,
          3
        ],
        [
          3,
          1
        ]
      ],
      "thr": 0.9409871101379395
    }
  }
}